21.06.2023,29.942,2,28.307,7,30.769,5,28.270,5,144,50.000,5,77
20.06.2023,28.307,7,26.845,9,28.393,0,26.665,5,100,55.000,5,44
19.06.2023,26.845,9,26.339,7,27.029,7,26.295,1,46,45.000,1,92
18.06.2023,26.339,7,26.515,0,26.679,3,26.290,6,27,31.000,-0,66
17.06.2023,26.515,0,26.341,3,26.767,3,26.183,5,35,86.000,0,66
16.06.2023,26.341,3,25.591,9,26.472,8,25.276,0,69,24.000,2,93
15.06.2023,25.591,3,25.129,5,25.732,8,24.838,0,68,38.000,1,84
14.06.2023,25.129,5,25.929,0,26.051,7,24.847,4,60,82.000,-3,08
13.06.2023,25.929,4,25.906,9,26.428,9,25.726,4,56,24.000,0,09
12.06.2023,25.906,8,25.927,9,26.080,7,25.635,0,40,75.000,-0,08
11.06.2023,25.928,4,25.843,3,26.190,1,25.660,8,39,20.000,0,33
10.06.2023,25.844,0,26.479,3,26.525,1,25.468,3,83,57.000,-2,40
09.06.2023,26.479,3,26.501,1,26.773,9,26.326,7,38,96.000,-0,08
08.06.2023,26.501,1,26.341,8,26.784,4,26.231,3,39,95.000,0,60
07.06.2023,26.342,5,27.230,2,27.342,0,26.141,0,77,48.000,-3,26
06.06.2023,27.230,2,25.745,6,27.325,2,25.425,6,88,61.000,5,76
05.06.2023,25.747,4,27.122,3,27.125,5,25.437,5,85,42.000,-5,07
04.06.2023,27.122,3,27.070,9,27.410,2,26.956,1,23,81.000,0,19
03.06.2023,27.072,0,27.246,0,27.317,5,26.931,4,20,62.000,-0,63
02.06.2023,27.244,7,26.819,0,27.299,4,26.541,3,49,37.000,1,59
01.06.2023,26.819,0,27.216,4,27.340,9,26.662,3,51,98.000,-1,46
31.05.2023,27.216,1,27.696,9,27.825,0,26.865,1,63,08.000,-1,74
30.05.2023,27.698,2,27.738,9,28.033,6,27.583,8,45,19.000,-0,15
29.05.2023,27.739,4,28.068,4,28.431,2,27.548,8,54,56.000,-1,18
28.05.2023,28.071,2,26.855,3,28.181,9,26.788,5,55,23.000,4,52
27.05.2023,26.857,5,26.711,2,26.882,9,26.591,2,18,68.000,0,55
26.05.2023,26.711,5,26.475,5,26.911,6,26.330,0,45,88.000,0,89
25.05.2023,26.475,8,26.327,1,26.589,2,25.892,5,50,17.000,0,56
24.05.2023,26.328,4,27.220,7,27.220,7,26.088,7,72,65.000,-3,28
23.05.2023,27.220,7,26.851,6,27.448,1,26.804,1,50,89.000,1,39
22.05.2023,26.847,3,26.749,9,27.048,9,26.546,1,35,56.000,0,36
21.05.2023,26.749,9,27.116,2,27.257,1,26.677,6,27,42.000,-1,35
20.05.2023,27.116,2,26.883,0,27.147,2,26.831,3,17,72.000,0,87
19.05.2023,26.882,9,26.828,2,27.154,7,26.711,3,36,67.000,0,20
18.05.2023,26.828,0,27.403,8,27.467,0,26.449,8,63,39.000,-2,10
17.05.2023,27.403,1,27.035,5,27.465,3,26.597,7,58,14.000,1,36
16.05.2023,27.035,3,27.183,9,27.295,3,26.881,9,45,29.000,-0,55
15.05.2023,27.183,9,26.920,4,27.651,7,26.752,1,53,27.000,0,98
14.05.2023,26.920,0,26.777,4,27.176,1,26.609,9,26,35.000,0,53
13.05.2023,26.777,5,26.798,7,27.011,9,26.695,6,27,95.000,-0,08
12.05.2023,26.799,2,26.983,1,27.044,0,25.853,1,87,49.000,-0,68
11.05.2023,26.983,5,27.604,3,27.607,4,26.766,2,62,85.000,-2,25
10.05.2023,27.603,3,27.634,3,28.311,7,26.885,7,91,45.000,-0,11
09.05.2023,27.634,9,27.670,5,27.816,0,27.366,3,49,75.000,-0,13
08.05.2023,27.670,5,28.424,8,28.627,8,27.280,3,85,72.000,-2,65
07.05.2023,28.424,8,28.857,1,29.122,0,28.419,6,36,50.000,-1,50
06.05.2023,28.857,1,29.512,8,29.816,4,28.414,9,58,94.000,-2,22
05.05.2023,29.513,2,28.842,2,29.653,9,28.825,3,74,52.000,2,33
04.05.2023,28.842,1,29.023,6,29.352,7,28.687,4,53,80.000,-0,63
03.05.2023,29.023,6,28.669,1,29.244,7,28.164,4,81,22.000,1,24
02.05.2023,28.669,1,28.079,0,28.877,4,27.913,2,65,33.000,2,11
01.05.2023,28.077,6,29.252,1,29.329,6,27.685,9,84,36.000,-4,02
30.04.2023,29.252,1,29.235,1,29.941,3,29.095,0,47,62.000,0,06
29.04.2023,29.234,1,29.318,4,29.425,5,29.058,5,25,72.000,-0,30
28.04.2023,29.321,8,29.475,9,29.587,2,28.927,8,69,88.000,-0,52
27.04.2023,29.475,9,28.424,5,29.859,8,28.392,4,121,63.000,3,70
26.04.2023,28.424,6,28.298,8,29.995,7,27.307,8,164,31.000,0,44
25.04.2023,28.298,8,27.510,1,28.375,6,27.201,1,65,31.000,2,87
24.04.2023,27.509,3,27.591,4,27.978,8,27.054,3,66,74.000,-0,30
23.04.2023,27.591,4,27.813,8,27.815,0,27.388,5,41,77.000,-0,80
22.04.2023,27.813,9,27.264,8,27.872,0,27.165,7,44,30.000,2,01
21.04.2023,27.264,8,28.240,5,28.353,4,27.171,1,98,72.000,-3,46
20.04.2023,28.240,5,28.813,7,29.082,1,28.032,4,95,45.000,-1,99
19.04.2023,28.813,7,30.382,2,30.408,4,28.641,1,111,27.000,-5,16
18.04.2023,30.382,2,29.434,1,30.470,1,29.149,2,76,58.000,3,22
17.04.2023,29.434,9,30.310,8,30.312,2,29.274,0,71,90.000,-2,89
16.04.2023,30.310,3,30.299,2,30.545,3,30.134,6,34,48.000,0,04
15.04.2023,30.299,6,30.472,6,30.586,5,30.208,8,31,71.000,-0,57
14.04.2023,30.472,5,30.387,4,30.964,9,30.026,0,98,38.000,0,28
13.04.2023,30.387,4,29.892,4,30.524,1,29.864,5,65,87.000,1,68
12.04.2023,29.886,4,30.209,8,30.473,0,29.679,5,78,69.000,-1,07
11.04.2023,30.209,6,29.641,0,30.484,6,29.597,8,89,38.000,1,92
10.04.2023,29.641,0,28.326,5,29.755,4,28.182,9,85,73.000,4,64
09.04.2023,28.326,6,27.941,2,28.522,7,27.809,2,39,35.000,1,38
08.04.2023,27.941,2,27.910,4,28.153,1,27.863,8,23,73.000,0,11
07.04.2023,27.910,4,28.037,6,28.102,5,27.779,4,30,94.000,-0,45
06.04.2023,28.036,7,28.173,5,28.173,5,27.734,5,51,29.000,-0,49
05.04.2023,28.173,5,28.164,4,28.744,4,27.823,5,77,32.000,0,03
04.04.2023,28.164,4,27.802,2,28.429,1,27.668,9,64,06.000,1,30
03.04.2023,27.802,1,28.194,7,28.458,4,27.256,9,98,00.000,-1,41
02.04.2023,28.198,3,28.456,1,28.522,8,27.871,7,45,04.000,-0,91
01.04.2023,28.456,1,28.473,7,28.795,1,28.285,6,38,09.000,-0,06
31.03.2023,28.473,7,28.029,3,28.646,3,27.587,5,98,44.000,1,58
30.03.2023,28.029,5,28.350,3,29.160,4,27.716,7,122,51.000,-1,13
29.03.2023,28.350,4,27.262,9,28.627,4,27.249,8,109,32.000,3,99
28.03.2023,27.262,2,27.127,8,27.465,0,26.665,6,94,16.000,0,49
27.03.2023,27.129,8,27.974,8,28.023,3,26.611,5,107,24.000,-3,02
26.03.2023,27.973,5,27.474,9,28.153,7,27.429,1,60,64.000,1,81
25.03.2023,27.475,6,27.462,2,27.761,9,27.176,7,61,36.000,0,05
24.03.2023,27.462,2,28.306,9,28.374,5,27.026,5,110,36.000,-3,00
23.03.2023,28.310,7,27.262,8,28.734,1,27.144,6,158,46.000,3,85
22.03.2023,27.261,7,28.114,2,28.760,3,26.668,7,262,03.000,-3,03
21.03.2023,28.114,0,27.719,8,28.437,8,27.350,6,438,78.000,1,42
20.03.2023,27.720,5,27.958,9,28.457,8,27.157,0,503,90.000,-0,85
19.03.2023,27.958,7,26.914,5,28.347,3,26.844,6,393,27.000,3,88
18.03.2023,26.914,5,27.391,9,27.659,1,26.688,7,392,47.000,-1,74
17.03.2023,27.391,8,25.004,4,27.742,2,24.900,1,674,96.000,9,55
16.03.2023,25.004,1,24.283,2,25.139,0,24.147,9,462,58.000,2,97
15.03.2023,24.282,7,24.699,6,25.108,9,23.932,4,614,31.000,-1,69
14.03.2023,24.699,7,24.121,5,26.365,9,23.994,6,753,06.000,2,43
13.03.2023,24.114,4,21.994,8,24.406,2,21.859,6,733,63.000,9,64
12.03.2023,21.994,8,20.465,0,22.028,6,20.294,2,455,69.000,7,46
11.03.2023,20.467,5,20.156,5,20.669,5,19.796,7,453,46.000,1,54
10.03.2023,20.156,7,20.362,0,20.362,6,19.591,8,655,27.000,-1,01
09.03.2023,20.361,8,21.710,8,21.826,5,20.079,6,468,76.000,-6,21
08.03.2023,21.710,8,22.197,8,22.274,3,21.661,3,316,51.000,-2,19
07.03.2023,22.197,8,22.410,1,22.535,1,21.968,6,304,75.000,-0,95
06.03.2023,22.410,0,22.428,2,22.595,4,22.320,1,215,31.000,-0,08
05.03.2023,22.428,3,22.347,1,22.636,7,22.213,5,160,57.000,0,36
04.03.2023,22.347,1,22.354,7,22.403,7,22.167,4,123,93.000,-0,03
03.03.2023,22.354,4,23.465,6,23.473,4,22.051,9,344,63.000,-4,73
02.03.2023,23.465,4,23.642,2,23.780,5,23.208,7,249,26.000,-0,75
01.03.2023,23.642,2,23.130,6,23.914,1,23.025,3,328,77.000,2,21
28.02.2023,23.130,5,23.494,0,23.595,0,23.033,8,275,10.000,-1,55
27.02.2023,23.494,1,23.558,7,23.876,2,23.166,8,297,65.000,-0,27
26.02.2023,23.558,7,23.166,1,23.671,8,23.066,0,209,12.000,1,69
25.02.2023,23.166,1,23.191,3,23.215,3,22.777,4,198,35.000,-0,11
24.02.2023,23.191,5,23.936,4,24.123,4,22.970,3,367,99.000,-3,11
23.02.2023,23.936,3,24.186,6,24.590,4,23.637,9,417,46.000,-1,03
22.02.2023,24.186,6,24.450,7,24.474,3,23.593,4,400,24.000,-1,08
21.02.2023,24.450,7,24.839,5,25.236,8,24.160,8,395,97.000,-1,57
20.02.2023,24.839,5,24.302,8,25.085,4,23.868,6,363,02.000,2,21
19.02.2023,24.302,9,24.631,3,25.175,2,24.273,7,312,64.000,-1,33
18.02.2023,24.631,4,24.573,5,24.838,9,24.457,0,223,77.000,0,24
17.02.2023,24.573,5,23.538,2,24.984,7,23.373,0,523,85.000,4,39
16.02.2023,23.539,6,24.328,1,25.233,8,23.525,9,484,50.000,-3,24
15.02.2023,24.327,9,22.198,5,24.330,9,22.050,8,401,53.000,9,59
14.02.2023,22.198,5,21.776,9,22.308,6,21.556,2,378,39.000,1,96
13.02.2023,21.772,6,21.782,7,21.887,5,21.418,7,312,04.000,-0,07
12.02.2023,21.786,8,21.859,9,22.080,7,21.653,1,211,65.000,-0,33
11.02.2023,21.859,8,21.627,4,21.902,9,21.605,3,182,07.000,1,04
10.02.2023,21.635,0,21.792,5,21.933,6,21.491,7,352,79.000,-0,72
09.02.2023,21.792,5,22.964,6,23.003,6,21.744,6,425,44.000,-5,10
08.02.2023,22.964,6,23.251,7,23.425,1,22.691,7,289,12.000,-1,23
07.02.2023,23.251,7,22.761,8,23.338,8,22.748,2,318,98.000,2,15
06.02.2023,22.761,8,22.936,0,23.130,6,22.633,7,278,58.000,-0,76
05.02.2023,22.936,0,23.326,9,23.423,4,22.766,5,217,26.000,-1,66
04.02.2023,23.323,8,23.431,2,23.571,8,23.269,8,170,27.000,-0,46
03.02.2023,23.431,2,23.429,1,23.694,1,23.233,8,349,36.000,0,02
02.02.2023,23.427,6,23.726,2,24.207,2,23.398,1,382,86.000,-1,26
01.02.2023,23.725,6,23.124,7,23.784,5,22.809,6,333,18.000,2,60
31.01.2023,23.125,1,22.832,2,23.262,9,22.724,9,289,38.000,1,28
30.01.2023,22.832,2,23.746,0,23.794,0,22.560,0,339,62.000,-3,88
29.01.2023,23.753,1,23.023,5,23.952,9,22.973,3,320,86.000,3,15
28.01.2023,23.027,9,23.074,6,23.182,3,22.889,8,156,96.000,-0,20
27.01.2023,23.074,6,23.016,0,23.480,3,22.602,9,310,36.000,0,25
26.01.2023,23.016,0,23.055,2,23.259,5,22.869,0,320,97.000,-0,17
25.01.2023,23.055,1,22.632,5,23.779,0,22.366,3,388,18.000,1,87
24.01.2023,22.632,5,22.916,3,23.156,1,22.517,1,334,17.000,-1,23
23.01.2023,22.915,5,22.709,0,23.161,8,22.527,9,327,85.000,0,91
22.01.2023,22.707,8,22.775,7,23.068,7,22.323,0,280,64.000,-0,30
21.01.2023,22.775,7,22.677,5,23.304,5,22.461,1,382,69.000,0,43
20.01.2023,22.677,2,21.074,9,22.718,5,20.879,3,373,74.000,7,57
19.01.2023,21.081,2,20.670,6,21.169,4,20.669,7,275,76.000,1,99
18.01.2023,20.670,6,21.137,1,21.584,1,20.448,3,388,67.000,-2,21
17.01.2023,21.137,1,21.184,4,21.506,4,20.926,2,310,04.000,-0,22
16.01.2023,21.184,2,20.880,1,21.416,8,20.698,9,337,46.000,1,46
15.01.2023,20.879,8,20.956,0,21.032,2,20.585,7,205,80.000,-0,37
14.01.2023,20.958,2,19.926,9,21.185,6,19.898,6,458,21.000,5,17
13.01.2023,19.927,0,18.850,8,19.981,6,18.723,8,426,67.000,5,71
12.01.2023,18.851,3,17.941,0,19.055,3,17.915,5,522,01.000,5,07
11.01.2023,17.942,3,17.440,5,17.989,8,17.323,9,291,53.000,2,89
10.01.2023,17.439,1,17.180,1,17.491,0,17.151,7,247,14.000,1,51
09.01.2023,17.180,1,17.119,0,17.390,8,17.107,1,301,24.000,0,36
08.01.2023,17.119,0,16.943,6,17.119,0,16.913,8,144,84.000,1,04
07.01.2023,16.943,6,16.950,9,16.979,6,16.909,7,110,48.000,-0,04
06.01.2023,16.950,9,16.829,8,17.012,3,16.707,6,233,47.000,0,72
05.01.2023,16.829,8,16.852,2,16.877,9,16.772,3,178,96.000,-0,13
04.01.2023,16.852,1,16.674,2,16.976,5,16.656,5,247,39.000,1,07
03.01.2023,16.674,2,16.673,1,16.773,2,16.607,2,178,73.000,-0,00
02.01.2023,16.674,3,16.618,4,16.766,9,16.551,0,136,03.000,0,34
01.01.2023,16.618,4,16.537,5,16.621,9,16.499,7,107,84.000,0,49
31.12.2022,16.537,4,16.607,2,16.635,9,16.487,3,130,44.000,-0,42
30.12.2022,16.607,2,16.636,4,16.644,4,16.360,0,192,76.000,-0,18
29.12.2022,16.636,4,16.546,2,16.659,1,16.496,6,181,47.000,0,55
28.12.2022,16.546,2,16.705,9,16.781,1,16.474,2,217,96.000,-0,96
27.12.2022,16.706,1,16.918,2,16.964,0,16.610,1,192,18.000,-1,25
26.12.2022,16.918,1,16.831,8,16.936,1,16.799,4,133,36.000,0,51
25.12.2022,16.831,8,16.835,7,16.852,9,16.733,0,132,89.000,-0,03
24.12.2022,16.837,2,16.778,6,16.855,8,16.777,8,110,12.000,0,35
23.12.2022,16.779,1,16.820,5,16.910,7,16.768,0,184,12.000,-0,25
22.12.2022,16.820,6,16.831,8,16.862,2,16.566,1,198,28.000,-0,07
21.12.2022,16.831,8,16.902,7,16.919,4,16.735,0,174,34.000,-0,42
20.12.2022,16.902,8,16.441,3,17.031,3,16.400,7,284,57.000,2,81
19.12.2022,16.441,3,16.741,1,16.809,5,16.331,2,207,93.000,-1,79
18.12.2022,16.741,1,16.777,0,16.825,7,16.666,5,124,29.000,-0,21
17.12.2022,16.777,1,16.629,0,16.794,4,16.587,0,164,49.000,0,89
16.12.2022,16.629,6,17.356,7,17.518,5,16.542,4,303,56.000,-4,19
15.12.2022,17.356,1,17.796,4,17.846,1,17.298,2,263,44.000,-2,47
14.12.2022,17.796,4,17.778,6,18.351,8,17.682,1,318,98.000,0,10
13.12.2022,17.778,6,17.210,9,17.951,6,17.094,5,328,71.000,3,30
12.12.2022,17.210,4,17.093,2,17.232,5,16.878,5,249,39.000,0,68
11.12.2022,17.093,3,17.127,0,17.262,9,17.080,6,167,20.000,-0,20
10.12.2022,17.127,2,17.125,7,17.220,5,17.105,7,148,81.000,0,01
09.12.2022,17.125,7,17.225,6,17.288,6,17.082,1,260,84.000,-0,58
08.12.2022,17.225,7,16.835,2,17.294,2,16.765,8,261,64.000,2,32
07.12.2022,16.835,2,17.089,4,17.126,7,16.715,3,244,36.000,-1,49
06.12.2022,17.089,3,16.966,3,17.101,1,16.914,9,246,19.000,0,72
05.12.2022,16.966,5,17.106,9,17.395,2,16.886,9,268,72.000,-0,85
04.12.2022,17.112,6,16.884,8,17.198,1,16.881,6,197,12.000,1,35
03.12.2022,16.884,5,17.093,4,17.132,6,16.862,1,169,29.000,-1,22
02.12.2022,17.093,6,16.972,2,17.096,2,16.799,9,227,01.000,0,72
01.12.2022,16.972,0,17.163,4,17.244,7,16.868,9,266,14.000,-1,12
30.11.2022,17.163,9,16.440,8,17.215,5,16.433,2,348,22.000,4,40
29.11.2022,16.440,4,16.211,9,16.531,4,16.100,1,271,58.000,1,41
28.11.2022,16.211,7,16.426,1,16.481,4,16.013,5,284,84.000,-1,30
27.11.2022,16.425,6,16.456,4,16.595,4,16.414,6,173,25.000,-0,19
26.11.2022,16.456,5,16.512,3,16.686,3,16.387,9,194,94.000,-0,34
25.11.2022,16.512,3,16.600,6,16.611,8,16.360,9,204,07.000,-0,54
24.11.2022,16.601,2,16.604,9,16.785,6,16.472,0,229,59.000,-0,14
23.11.2022,16.623,9,16.216,9,16.677,6,16.162,3,305,08.000,2,53
22.11.2022,16.212,9,15.776,6,16.274,6,15.620,4,287,21.000,2,77
21.11.2022,15.776,2,16.278,6,16.287,9,15.504,2,372,15.000,-3,13
20.11.2022,16.286,7,16.699,3,16.749,3,16.209,2,172,83.000,-2,47
19.11.2022,16.699,2,16.652,2,16.814,9,16.608,9,114,89.000,0,37
18.11.2022,16.638,3,16.715,4,16.846,3,16.553,0,241,96.000,-0,32
17.11.2022,16.691,2,16.540,5,16.739,7,16.425,8,257,00.000,0,91
16.11.2022,16.540,5,16.895,4,16.993,4,16.408,2,295,73.000,-2,10
15.11.2022,16.895,1,16.615,0,17.112,0,16.543,9,337,15.000,1,69
14.11.2022,16.613,7,16.325,0,17.158,4,15.834,0,442,46.000,1,77
13.11.2022,16.324,5,16.803,9,16.946,5,16.274,9,210,80.000,-2,80
12.11.2022,16.795,2,17.049,9,17.100,8,16.633,9,192,91.000,-1,49
11.11.2022,17.049,9,17.589,1,17.679,4,16.435,5,466,35.000,-3,07
10.11.2022,17.589,1,15.887,0,18.138,2,15.799,3,720,74.000,10,71
09.11.2022,15.886,9,18.538,9,18.583,8,15.603,3,869,57.000,-14,25
08.11.2022,18.527,4,20.589,0,20.667,5,17.260,0,865,10.000,-10,01
07.11.2022,20.589,0,20.916,3,21.055,4,20.410,5,414,24.000,-1,56
06.11.2022,20.916,3,21.298,7,21.360,4,20.901,0,242,26.000,-1,81
05.11.2022,21.301,6,21.145,7,21.464,7,21.084,1,261,23.000,0,74
04.11.2022,21.145,9,20.206,4,21.281,9,20.184,6,499,50.000,4,65
03.11.2022,20.206,4,20.154,0,20.384,5,20.066,6,347,23.000,0,26
02.11.2022,20.154,4,20.482,9,20.778,3,20.065,8,420,23.000,-1,61
01.11.2022,20.483,5,20.496,1,20.676,6,20.348,1,302,72.000,-0,06
31.10.2022,20.496,3,20.626,0,20.822,4,20.260,0,327,47.000,-0,63
30.10.2022,20.626,3,20.809,4,20.922,3,20.522,5,207,63.000,-0,88
29.10.2022,20.809,8,20.594,2,21.038,1,20.561,9,276,54.000,1,05
28.10.2022,20.594,4,20.293,0,20.744,0,20.058,2,318,90.000,1,49
27.10.2022,20.292,9,20.769,5,20.867,9,20.231,6,365,49.000,-2,29
26.10.2022,20.769,5,20.086,8,20.981,5,20.062,9,427,99.000,3,42
25.10.2022,20.082,7,19.331,8,20.406,9,19.249,0,371,54.000,3,89
24.10.2022,19.331,5,19.571,2,19.588,6,19.177,2,286,94.000,-1,22
23.10.2022,19.571,2,19.204,8,19.680,9,19.092,5,180,63.000,1,91
22.10.2022,19.204,8,19.162,6,19.249,9,19.116,1,118,24.000,0,22
21.10.2022,19.162,6,19.042,9,19.245,5,18.703,3,294,66.000,0,63
20.10.2022,19.042,9,19.125,1,19.334,5,18.935,6,253,20.000,-0,42
19.10.2022,19.123,9,19.328,2,19.358,6,19.101,2,209,28.000,-1,06
18.10.2022,19.328,2,19.548,4,19.692,9,19.102,8,290,07.000,-1,13
17.10.2022,19.548,2,19.262,2,19.663,5,19.163,6,248,40.000,1,49
16.10.2022,19.261,9,19.068,8,19.411,9,19.066,0,140,95.000,1,01
15.10.2022,19.068,7,19.181,7,19.218,7,19.000,8,123,66.000,-0,59
14.10.2022,19.181,8,19.379,8,19.933,9,19.098,6,400,45.000,-1,02
13.10.2022,19.379,8,19.154,6,19.494,4,18.207,9,455,13.000,1,17
12.10.2022,19.154,8,19.058,5,19.212,6,19.010,6,242,18.000,0,50
11.10.2022,19.059,1,19.134,3,19.261,3,18.868,7,288,57.000,-0,39
10.10.2022,19.134,6,19.441,7,19.520,7,19.057,0,243,77.000,-1,58
09.10.2022,19.441,0,19.416,3,19.552,1,19.329,6,127,53.000,0,13
08.10.2022,19.415,0,19.530,2,19.612,2,19.274,7,113,50.000,-0,60
07.10.2022,19.531,3,19.962,4,20.051,4,19.352,1,263,50.000,-2,13
06.10.2022,19.956,7,20.157,5,20.436,7,19.873,7,370,60.000,-1,00
05.10.2022,20.157,5,20.340,5,20.353,8,19.761,7,352,76.000,-0,90
04.10.2022,20.340,2,19.629,7,20.436,1,19.506,4,368,17.000,3,63
03.10.2022,19.628,3,19.057,6,19.676,0,19.001,3,333,03.000,3,02
02.10.2022,19.052,2,19.311,9,19.389,9,18.937,3,222,82.000,-1,34
01.10.2022,19.311,9,19.422,9,19.480,3,19.172,6,173,91.000,-0,57
30.09.2022,19.423,0,19.593,4,20.174,9,19.208,9,490,29.000,-0,87
29.09.2022,19.593,0,19.420,2,19.631,5,18.877,9,449,57.000,0,94
28.09.2022,19.411,0,19.083,4,19.757,8,18.505,3,581,19.000,1,73
27.09.2022,19.081,0,19.228,8,20.361,2,18.850,4,660,12.000,-0,75
26.09.2022,19.225,7,18.803,1,19.304,8,18.695,2,516,03.000,2,25
25.09.2022,18.803,2,18.925,1,19.125,1,18.659,6,209,71.000,-0,64
24.09.2022,18.925,2,19.288,4,19.310,6,18.812,0,258,50.000,-1,91
23.09.2022,19.293,5,19.404,1,19.477,3,18.554,8,431,15.000,-0,57
22.09.2022,19.404,0,18.488,1,19.490,9,18.371,0,448,63.000,4,95
21.09.2022,18.489,0,18.875,1,19.758,4,18.191,8,446,85.000,-2,03
20.09.2022,18.872,4,19.538,9,19.626,3,18.742,6,361,18.000,-3,41
19.09.2022,19.538,9,19.417,4,19.666,6,18.277,8,423,43.000,0,62
18.09.2022,19.418,8,20.113,9,20.113,9,19.347,7,273,11.000,-3,45
17.09.2022,20.113,5,19.802,8,20.178,6,19.761,0,204,58.000,1,57
16.09.2022,19.802,4,19.701,9,19.883,0,19.352,9,315,59.000,0,51
15.09.2022,19.701,7,20.222,3,20.321,4,19.532,3,358,42.000,-2,58
14.09.2022,20.222,5,20.175,5,20.503,7,19.654,2,374,22.000,0,23
13.09.2022,20.175,5,22.395,3,22.702,5,19.909,6,485,32.000,-9,91
12.09.2022,22.395,3,21.836,6,22.465,4,21.581,6,431,98.000,2,57
11.09.2022,21.834,9,21.650,4,21.836,4,21.363,0,297,12.000,0,85
10.09.2022,21.650,4,21.363,8,21.790,6,21.139,9,331,12.000,1,33
09.09.2022,21.365,2,19.318,8,21.545,7,19.294,1,480,37.000,10,60
08.09.2022,19.317,4,19.281,5,19.444,7,19.034,5,291,43.000,0,19
07.09.2022,19.281,5,18.786,3,19.445,9,18.548,4,319,10.000,2,64
06.09.2022,18.786,4,19.793,4,20.169,3,18.723,3,402,43.000,-5,09
05.09.2022,19.793,1,19.999,9,20.042,9,19.650,7,238,71.000,-1,03
04.09.2022,19.999,9,19.832,2,20.017,8,19.594,7,158,27.000,0,85
03.09.2022,19.831,4,19.952,8,20.043,8,19.660,7,157,85.000,-0,61
02.09.2022,19.952,7,20.131,6,20.428,2,19.764,7,272,22.000,-0,86
01.09.2022,20.126,1,20.049,9,20.202,7,19.584,4,275,08.000,0,41
31.08.2022,20.043,9,19.793,4,20.469,1,19.793,4,318,17.000,1,27
30.08.2022,19.792,6,20.295,6,20.558,2,19.559,7,308,41.000,-2,48
29.08.2022,20.295,8,19.551,3,20.394,5,19.551,2,248,04.000,3,81
28.08.2022,19.550,2,20.034,2,20.150,8,19.542,9,159,60.000,-2,41
27.08.2022,20.033,9,20.249,9,20.343,6,19.849,8,187,34.000,-1,07
26.08.2022,20.249,9,21.564,2,21.815,3,20.122,4,322,16.000,-6,10
25.08.2022,21.565,4,21.365,4,21.801,2,21.324,8,190,15.000,0,94
24.08.2022,21.365,2,21.516,2,21.832,3,21.171,1,202,40.000,-0,71
23.08.2022,21.517,2,21.416,5,21.661,0,20.919,6,228,65.000,0,47
22.08.2022,21.416,3,21.516,8,21.517,4,20.912,1,251,83.000,-0,47
21.08.2022,21.517,2,21.138,9,21.692,4,21.077,4,177,52.000,1,79
20.08.2022,21.138,9,20.830,7,21.357,4,20.784,8,206,94.000,1,48
19.08.2022,20.831,3,23.201,6,23.202,3,20.807,8,339,47.000,-10,22
18.08.2022,23.203,6,23.337,7,23.578,0,23.131,3,160,97.000,-0,58
17.08.2022,23.338,0,23.855,8,24.423,5,23.191,6,239,53.000,-2,17
16.08.2022,23.856,8,24.102,6,24.240,8,23.693,8,201,70.000,-1,02
15.08.2022,24.101,7,24.303,3,25.205,7,23.784,5,279,28.000,-0,83
14.08.2022,24.302,8,24.442,1,24.997,3,24.172,2,177,25.000,-0,57
13.08.2022,24.442,5,24.398,9,24.882,9,24.318,7,170,59.000,0,18
12.08.2022,24.398,7,23.935,3,24.440,8,23.616,4,194,96.000,1,94
11.08.2022,23.935,3,23.963,3,24.873,5,23.864,0,285,36.000,-0,12
10.08.2022,23.962,9,23.150,3,24.209,9,22.714,7,243,61.000,3,53
09.08.2022,23.146,7,23.818,1,23.912,0,22.886,5,169,62.000,-2,81
08.08.2022,23.816,3,23.175,3,24.234,1,23.160,6,197,94.000,2,77
07.08.2022,23.175,3,22.944,2,23.387,7,22.852,3,99,36.000,1,01
06.08.2022,22.944,2,23.308,2,23.344,4,22.923,6,94,44.000,-1,56
05.08.2022,23.308,2,22.613,3,23.447,6,22.593,5,208,90.000,3,08
04.08.2022,22.612,1,22.822,2,23.214,5,22.438,7,181,19.000,-0,91
03.08.2022,22.820,8,22.988,7,23.623,7,22.698,6,174,66.000,-0,73
02.08.2022,22.988,6,23.271,1,23.423,3,22.670,8,177,30.000,-1,21
01.08.2022,23.271,2,23.303,4,23.484,4,22.863,8,162,33.000,-0,14
31.07.2022,23.303,4,23.634,2,24.179,3,23.236,2,138,84.000,-1,40
30.07.2022,23.634,2,23.774,2,24.605,3,23.521,8,168,72.000,-0,59
29.07.2022,23.774,3,23.850,2,24.340,0,23.451,4,221,66.000,-0,32
28.07.2022,23.850,0,22.957,7,24.190,5,22.611,6,268,32.000,3,88
27.07.2022,22.958,3,21.248,0,23.027,8,21.047,5,242,66.000,8,05
26.07.2022,21.248,7,21.301,6,21.322,3,20.737,3,201,57.000,-0,25
25.07.2022,21.301,9,22.582,3,22.653,3,21.275,4,206,93.000,-5,67
24.07.2022,22.582,1,22.449,8,22.987,9,22.281,3,126,66.000,0,54
23.07.2022,22.460,4,22.683,6,22.991,0,21.971,7,137,42.000,-0,95
22.07.2022,22.675,2,23.150,0,23.741,4,22.524,2,197,54.000,-2,06
21.07.2022,23.153,0,23.219,9,23.403,8,22.360,2,217,08.000,-0,27
20.07.2022,23.215,2,23.412,0,24.258,0,22.944,4,281,31.000,-0,83
19.07.2022,23.410,2,22.529,3,23.757,3,21.581,8,308,91.000,3,93
18.07.2022,22.525,8,20.785,6,22.714,9,20.770,6,279,72.000,8,37
17.07.2022,20.785,6,21.209,8,21.654,4,20.755,2,132,81.000,-2,00
16.07.2022,21.209,9,20.825,2,21.561,3,20.484,4,136,89.000,1,85
15.07.2022,20.825,1,20.586,1,21.178,1,20.393,4,164,67.000,1,16
14.07.2022,20.586,0,20.250,0,20.862,2,19.664,9,205,28.000,1,66
13.07.2022,20.250,0,19.331,6,20.250,8,18.942,2,249,38.000,4,75
12.07.2022,19.330,9,19.963,2,20.051,7,19.279,6,167,91.000,-3,17
11.07.2022,19.963,2,20.847,2,20.855,0,19.897,0,160,20.000,-4,24
10.07.2022,20.847,4,21.587,4,21.599,2,20.689,7,204,68.000,-3,43
09.07.2022,21.587,5,21.610,4,21.944,1,21.338,4,190,11.000,-0,11
08.07.2022,21.611,2,21.637,1,22.482,1,21.207,0,439,90.000,-0,12
07.07.2022,21.637,8,20.557,9,21.817,8,20.282,7,115,81.000,5,24
06.07.2022,20.561,1,20.180,4,20.654,9,19.785,3,105,24.000,1,78
05.07.2022,20.200,6,20.215,8,20.706,9,19.315,4,122,43.000,-0,08
04.07.2022,20.215,8,19.310,6,20.303,8,19.052,5,92,79.000,4,69
03.07.2022,19.309,9,19.243,4,19.626,4,18.794,4,65,27.000,0,35
02.07.2022,19.243,2,19.275,4,19.425,4,19.006,4,58,57.000,-0,10
01.07.2022,19.262,9,19.926,6,20.785,6,18.980,1,150,18.000,-3,33
30.06.2022,19.926,6,20.111,3,20.155,1,18.682,7,127,73.000,-0,92
29.06.2022,20.111,3,20.278,0,20.415,8,19.880,7,98,97.000,-0,82
28.06.2022,20.278,0,20.727,9,21.200,2,20.210,5,83,83.000,-2,18
27.06.2022,20.730,2,21.037,7,21.497,5,20.568,0,84,69.000,-1,49
26.06.2022,21.043,5,21.489,9,21.837,4,20.989,7,67,21.000,-2,08
25.06.2022,21.489,9,21.226,9,21.553,4,20.917,5,66,63.000,1,24
24.06.2022,21.226,9,21.100,9,21.488,7,20.743,9,104,56.000,0,60
23.06.2022,21.100,7,19.967,3,21.189,8,19.907,5,110,70.000,5,68
22.06.2022,19.965,8,20.720,2,20.864,3,19.780,2,125,94.000,-3,64
21.06.2022,20.720,4,20.571,6,21.689,3,20.371,7,136,32.000,0,72
